Data Aset Tanah Pemda yang telah disertifikatkan 5 tahun terkahir;;;;;;;;;;;;;;
No;Nomor Sertifikat;Nama Pemilik / Instansi;Luas (m²);Lokasi / Alamat;Desa / Kelurahan;Kecamatan;Tanggal Terbit Sertifikat;Nomor Hak (HGB/Hak Pakai/Hak Milik);Peruntukan / Penggunaan Tanah;Koordinat Longitude;Koordinat Latitude;Nilai Aset (Rp);Status Tanah (Aktif / Sengketa / Tidak Digunakan);Keterangan
1;00031;UPTD SMPN 23 SINJAI;6.890,00;Kel. Sangiaserri, Kec. Sinjai Selatan;Kel. Sangiasseri;SINJAI SELATAN;27-04-2022;HAK PAKAI;Tanah Bangunan Sekolah;120.147308;-5.253.531;;Aktif;SMP NEG. 6 Sinjai Selatan
2;00003;SDN NO. 244 JENNA;2.201,00;Dusun Jenna Desa Polewali Kec.Sinjai Selatan;Desa poliwali;SINJAI SELATAN;22-10-2021;HAK PAKAI;Tanah Bangunan Sekolah;120.097481;-5.256.962;;Aktif;
3;00011;TK Negeri VIII Pasimarannu Sinjai Timur;250,00;Jl. Petta Nonci No. 2 Desa Pasimarannu Kec. Sinjai Timur;Desa Pasimarannu;SINJAI UTARA;26-12-2022;HAK PAKAI;Tanah Bangunan TK Neg. VIII Passimarannu Sinjai Timur;120.275390;-5.177.638;;Aktif;181
4;00020;TK Negeri I Dompili Sinjai Timur;844,00;Jl.H.Abd.Latief No.A 18 ,Desa Saukang Kec. Sinjai Timur;Desa Saukang;SINJAI TIMUR;09-05-2022;HAK PAKAI;Tanah Bangunan TK Idhata I Dompili;120.242942;-5.140.719;;Aktif;
5;00008;TK Negeri Palangka Sinjai Selatan;361,00;Dusun Honto, Desa Palangka Kec. Sinjai Selatan;Desa Palangka;SINJAI UTARA;24-01-2023;HAK PAKAI;Sebidang Tanah Non Pertanian yang dipergunan untuk tanah bangunan TK Neg.Palangka;120.124594;-5.303.542;;Aktif;
6;00009;TK Negeri Bijinangka Sinjai Borong;321,00;Dusun Nangkae, Desa Biji Nangka Kec. Sinjai Borong;Desa Biji Nangka;SINJAI UTARA;23-06-2022;HAK PAKAI;Tanah Bangunan Gedung TK Neg. Biji Nangka;120.071759;-5299120.;;Aktif;
7;00010;TK Negeri Batu Belerang Sinjai Borong;282,00;Dusun Jeppara, Desa Batu Belerang, Kec. Sinjai Brorong;Desa Batu Belerang;SINJAI BORONG;23-06-2022;HAK PAKAI;Tanah Bangunan TK Negeri Batu Belerang;120.034796;-5.306.965;;Aktif;
8;00012;TK Negeri Bonto Sinala Sinjai Borong;272,00;Dusun Bongki-Bongki, Desa Bonto Sinala, Kec. Sinjai Borong;Desa Bonto Sinala;SINJAI BORONG;28-06-2022;HAK PAKAI;Tanah Bangunan TK Negeri Bonto Sinala;120.073623;-5.311.720;;Aktif;
9;00024;TK Negeri Pasir Putih Sinjai Borong;477,00;Kel. Pasir Putih Kec. Sinjai Borong;Kel. Pasir Putih;SINJAI UTARA;23-06-2022;HAK PAKAI;Tanah Bangunan TK Neg.Pasir Putih;120.065208;-5.324.539;;Aktif;
10;00023;TK Negeri Mannyaha Sinjai Borong;184,00;Lingk. Mannyaha, Kel. Pasir Putih, Kec. Sinjai Borong;Kel. Pasir Putih;SINJAI UTARA;23-06-2022;HAK PAKAI;Tanah Bangunan Gedung Sekolah TK Neg. Mannyaha;120.073250;-5.320.894;;Aktif;
11;00002;Pustu Polewali;467,00;Dusun lantak desa Polewali;Desa poliwali;SINJAI SELATAN;22-10-2021;HAK PAKAI;Gedung Pustu;120.091132;-5.239.714;;Aktif;
12;00128;Rumah Sakit Umum Daerah;16.240,00;Jl. Jendral Sudirman, Kel. Biringere, Kec. Sinjai Utara;Kel. Biringere;SINJAI UTARA;08-08-2023;HAK PAKAI;Rumah Sakit Umum Daerah (RSUD);120.248856;-5.128.458;;Aktif;
13;00059;Dinas Pekerjaan Umum dan Penataan Ruang;2.087,00;Kel. Bongki;Kel. Bongki;SINJAI UTARA;02-08-2023;HAK PAKAI;Tanah Ruas Jl. Gunung Rinjani;120.254528;-5.117.003;;Aktif;
14;00112;Dinas Pekerjaan Umum dan Penataan Ruang;1.731,00;Kel. Biringere;Kel. Biringere;SINJAI UTARA;16-12-2022;HAK PAKAI;Tanah Ruas Jl. R. W. Monginsidi Bidang 1;120.251838;-5.132.592;;Aktif;1732
15;00107;Dinas Pekerjaan Umum dan Penataan Ruang;852,00;Kel. Biringere;Kel. Biringere;SINJAI UTARA;01-12-2022;HAK PAKAI;Tanah Ruas Jl. R. W. Monginsidi Baru;120.250615;-5.133.588;;Aktif;
16;00120;Dinas Pekerjaan Umum dan Penataan Ruang;2.005,00;Kel. Biringere;Kel. Biringere;SINJAI UTARA;27-01-2023;HAK PAKAI;Tanah Ruas Jl. Pattimura;120.251771;-5.131.554;;Aktif;
17;00115;Dinas Pekerjaan Umum dan Penataan Ruang;2.699,00;Kel. Biringere;Kel. Biringere;SINJAI UTARA;16-12-2022;HAK PAKAI;Tanah Ruas Jl. Teuku Umar;120.253102;-5.128.856;;Aktif;Penamaan Peta jl. Pattimura
18;00136;Dinas Pekerjaan Umum dan Penataan Ruang;3.710,00;Kel. Balangnipa;Kel. Balangnipa;SINJAI UTARA;16-12-2022;HAK PAKAI;Tanah Ruas Jl. K.H. Agus Salim;120.257156;-5.122.980;;Aktif;
19;00032;Dinas Pekerjaan Umum dan Penataan Ruang;1.197,00;Kel. Lappa;Kel. Lappa;SINJAI UTARA;01-12-2022;HAK PAKAI;Tanah Ruas Jl. Cakalang Bidang 2;120.269111;-5.110.708;;Aktif;
20;00129;Dinas Pekerjaan Umum dan Penataan Ruang;3.582,00;Kel. Biringere;Kel. Biringere;SINJAI UTARA;14-08-2023;HAK PAKAI;Tanah Ruas Jl. Veteran Bidang 1;120.245544;-5.132.176;;Aktif;
21;00123;Dinas Pekerjaan Umum dan Penataan Ruang;1.410,00;Kel. Biringere;Kel. Biringere;SINJAI UTARA;02-08-2023;HAK PAKAI;Tanah Ruas Jl. Veteran I;120.246219;-5.131.270;;Aktif;
22;00131;Dinas Pekerjaan Umum dan Penataan Ruang;1.032,00;Kel. Biringere;Kel. Biringere;SINJAI UTARA;14-08-2023;HAK PAKAI;Tanah Ruas Jl. Tekukur;120.252739;-5.129.221;;Aktif;
23;00094;Dinas Pekerjaan Umum dan Penataan Ruang;999,00;Kel. Biringere;Kel. Biringere;SINJAI UTARA;26-01-2021;HAK PAKAI;Tanah Ruas Jl. Baso Kalaka Dalam;120.251492;-5.127.288;;Aktif;
24;00134;Dinas Pekerjaan Umum dan Penataan Ruang;2.115,00;Kel. Balangnipa;Kel. Balangnipa;SINJAI UTARA;12-12-2022;HAK PAKAI;Tanah Ruas Jl. Bulu Kunyi;120.253934;-5.122.716;;Aktif;
25;00054;Dinas Pekerjaan Umum dan Penataan Ruang;3.001,00;Kel. Bongki;Kel. Bongki;SINJAI UTARA;01-08-2023;HAK PAKAI;Tanah Ruas Jl. Bulu Bicara Bidang 1;120.253925;-5.117.464;;Aktif;Penamaan Peta Jl. Pramuka
26;00063;Dinas Pekerjaan Umum dan Penataan Ruang;2.060,00;Kel. Bongki;Kel. Bongki;SINJAI UTARA;02-08-2023;HAK PAKAI;Tanah Ruas Jl. Bulu Bicara I Bidang 1;120.249876;-5.113.157;;Aktif;
27;00148;Dinas Pekerjaan Umum dan Penataan Ruang;1.793,00;Kel. Bongki;Kel. Bongki;SINJAI UTARA;27-07-2023;HAK PAKAI;Tanah Ruas Jl. Gunung Kerinci;120.256417;-5.116.934;;Aktif;
28;00065;Dinas Pekerjaan Umum dan Penataan Ruang;1.737,00;Kel. Balangnipa;Kel. Balangnipa;SINJAI UTARA;03-08-2023;HAK PAKAI;Tanah Ruas Jl. Bulu Salaka;120.255282;-5.119.370;;Aktif;Koreksi Nomor sertipikat pada Peta 
29;00093;Dinas Pekerjaan Umum dan Penataan Ruang;1.808,00;Kel. Biringere;Kel. Biringere;SINJAI UTARA;25-01-2021;HAK PAKAI;Tanah Ruas Jl. Baso Kalaka;120.250983;-5.126.493;;Aktif;
30;00135;Dinas Pekerjaan Umum dan Penataan Ruang;3.113,00;Kel. Balangnipa;Kel. Balangnipa;SINJAI UTARA;12-12-2022;HAK PAKAI;Tanah Ruas Jl. Bulu Kunyi;120.254838;-5.120.659;;Aktif;3117
31;00111;Dinas Pekerjaan Umum dan Penataan Ruang;1.523,00;Kel. Biringere;Kel. Biringere;SINJAI UTARA;16-12-2022;HAK PAKAI;Tanah Ruas Jl. R. W. Monginsidi Bidang 3;120.253143;-5.130.916;;Aktif;
32;00113;Dinas Pekerjaan Umum dan Penataan Ruang;886,00;Kel. Biringere;Kel. Biringere;SINJAI UTARA;16-12-2022;HAK PAKAI;Tanah Ruas Jl. R. W. Monginsidi Bidang 4;120.253870;-5.129.748;;Aktif;
33;00102;Dinas Pekerjaan Umum dan Penataan Ruang;2.272,00;Kel. Biringere;Kel. Biringere;SINJAI UTARA;24-11-2022;HAK PAKAI;Tanah Ruas Jl. R. W. Monginsidi Bidang 5;120.254527;-5.128.587;;Aktif;
34;00104;Dinas Pekerjaan Umum dan Penataan Ruang;2.091,00;Kel. Biringere;Kel. Biringere;SINJAI UTARA;24-11-2022;HAK PAKAI;Tanah Ruas Jl. R. W. Monginsidi Bidang 7;120.255796;-5.126.191;;Aktif;
35;00103;Dinas Pekerjaan Umum dan Penataan Ruang;1.014,00;Kel. Biringere;Kel. Biringere;SINJAI UTARA;24-11-2022;HAK PAKAI;Tanah Ruas Jl. R. W. Monginsidi Bidang 6;120.255244;-5.127.263;;Aktif;
36;00133;Dinas Pekerjaan Umum dan Penataan Ruang;3.565,00;Kel. Balangnipa;Kel. Balangnipa;SINJAI UTARA;01-12-2022;HAK PAKAI;Tanah Ruas Jl. K.H. Agus Salim;120.258320;-5.120.041;;Aktif;
37;00033;Dinas Pekerjaan Umum dan Penataan Ruang;559,00;Kel. Lappa;Kel. Lappa;SINJAI UTARA;01-12-2022;HAK PAKAI;Tanah Ruas Jl. Cakalang Bidang 3;120.269389;-5.109.824;;Aktif;
38;00030;Dinas Pekerjaan Umum dan Penataan Ruang;1.133,00;Kel. Lappa;Kel. Lappa;SINJAI UTARA;24-11-2022;HAK PAKAI;Tanah Ruas Jl. Cakalang Bidang 5;120.269847;-5.108.627;;Aktif;Penamaan Pada Peta Jl. Titang
39;00031;Dinas Pekerjaan Umum dan Penataan Ruang;1.097,00;Kel. Lappa;Kel. Lappa;SINJAI UTARA;01-12-2022;HAK PAKAI;Tanah Ruas Jl. Cakalang Bidang 6;120.270237;-5.107.683;;Aktif;Penamaan Pada Peta Jl. Titang
40;00034;Dinas Pekerjaan Umum dan Penataan Ruang;460,00;Kel. Lappa;Kel. Lappa;SINJAI UTARA;19-01-2023;HAK PAKAI;Tanah Ruas Jl. Cakalang Bidang 4;120.269572;-5.109.315;;Aktif;Penamaan Pada Peta Jl. Titang
41;00124;Dinas Pekerjaan Umum dan Penataan Ruang;363,00;Kel. Biringere;Kel. Biringere;SINJAI UTARA;02-08-2023;HAK PAKAI;Tanah Ruas Jl. Veteran Bidang 2;120.245253;-5.131.869;;Aktif;
42;00117;Dinas Pekerjaan Umum dan Penataan Ruang;4.151,00;Kel. Biringere;Kel. Biringere;SINJAI UTARA;19-01-2023;HAK PAKAI;Tanah Ruas Jl. Veteran Bidang 3;120.246277;-5.134.597;;Aktif;
43;00119;Dinas Pekerjaan Umum dan Penataan Ruang;518,00;Kel. Biringere;Kel. Biringere;SINJAI UTARA;19-01-2023;HAK PAKAI;Tanah Ruas Jl. R. W. Monginsidi Bidang 2;120.252611;-5.131.766;;Aktif;
44;00038;Dinas Pekerjaan Umum dan Penataan Ruang;3.946,00;Kel. Lappa;Kel. Lappa;SINJAI UTARA;14-08-2023;HAK PAKAI;Tanah Ruas Jl. Cakalang Bidang 1;120.268473;-5.112.874;;Aktif;Penamaan Pada Peta Jl. Udang
45;00064;Dinas Pekerjaan Umum dan Penataan Ruang;846,00;Kel. Bongki;Kel. Bongki;SINJAI UTARA;02-08-2023;HAK PAKAI;Tanah Ruas Jl. Bulu Bicara I Bidang 2;120.248437;-5.111.746;;Aktif;
46;00053;Dinas Pekerjaan Umum dan Penataan Ruang;3.628,00;Kel. Bongki;Kel. Bongki;SINJAI UTARA;01-08-2023;HAK PAKAI;Tanah Ruas Jl. Bulu Bicara Bidang 2;120.251887;-5.115.309;;Aktif;Penamaan Pada Peta Jl. Pramuka
47;00057;Dinas Pekerjaan Umum dan Penataan Ruang;3.820,00;Kel. Bongki;Kel. Bongki;SINJAI UTARA;01-08-2023;HAK PAKAI;Tanah Ruas Jl. Bulu Bicara Bidang 3;120.251688;-5.112.469;;Aktif;Penamaan Pada Peta Jl. Pramuka
48;00105;Dinas Pekerjaan Umum dan Penataan Ruang;975,00;Kel. Biringere;Kel. Biringere;SINJAI UTARA;01-12-2022;HAK PAKAI;Tanah Ruas Jl. Andi. Paddo;120.246083;-5.139.919;;Aktif;
49;00116;Dinas Pekerjaan Umum dan Penataan Ruang;2.134,00;Kel. Biringere;Kel. Biringere;SINJAI UTARA;21-12-2022;HAK PAKAI;Tanah Ruas Jl. Letjend Sukawati;120.249373;-5.132.761;;Aktif;
50;00130;Dinas Pekerjaan Umum dan Penataan Ruang;2.884,00;Kel. Biringere;Kel. Biringere;SINJAI UTARA;14-08-2023;HAK PAKAI;Tanah Ruas Jl. M. H. Thamrin;120.252747;-5.129.723;;Aktif;
51;00117;Dinas Pekerjaan Umum dan Penataan Ruang;1.313,00;Kel. Balangnipa;Kel. Balangnipa;SINJAI UTARA;26-01-2021;HAK PAKAI;Tanah Ruas Jl. Yahya Mathan;120.257360;-5.120.928;;Aktif;
52;00112;Dinas Pekerjaan Umum dan Penataan Ruang;2.015,00;Kel. Balangnipa;Kel. Balangnipa;SINJAI UTARA;25-01-2021;HAK PAKAI;Tanah Ruas Jl. Yahya Mathan I;120.256976;-5.121.238;;Aktif;
53;00132;Dinas Pekerjaan Umum dan Penataan Ruang;1.086,00;Kel .Balangnipa;Kel .Balangnipa;SINJAI UTARA;01-12-2022;HAK PAKAI;Tanah Ruas Jl. DR. Samratulangi Bidang 3;120.258635;-5.123.947;;Aktif;
54;00111;Dinas Pekerjaan Umum dan Penataan Ruang;1.144,00;Kel. Balangnipa;Kel. Balangnipa;SINJAI UTARA;25-01-2021;HAK PAKAI;Tanah Ruas Jl. Sultan Hasanuddin I;120.257217;-5.118.223;;Aktif;
55;00138;Dinas Pekerjaan Umum dan Penataan Ruang;2.909,00;Kel. Balangnipa;Kel. Balangnipa;SINJAI UTARA;16-12-2022;HAK PAKAI;Tanah Ruas Jl. Teratai Bidang 2;120.263963;-5.119.710;;Aktif;
56;00126;Dinas Pekerjaan Umum dan Penataan Ruang;556,00;Kel. Balangnipa;Kel. Balangnipa;SINJAI UTARA;24-12-2022;HAK PAKAI;Tanah Ruas Jl. Melati Bidang 1;120.261344;-5.119.604;;Aktif;
57;00145;Dinas Pekerjaan Umum dan Penataan Ruang;1.037,00;Kel. Balangnipa;Kel. Balangnipa;SINJAI UTARA;26-07-2023;HAK PAKAI;Tanah Ruas Jl. Beluntas;120.261733;-5.119.985;;Aktif;Penamaan Pada Peta Jl. Haji Oemar Said Cokroaminoto
58;00139;Dinas Pekerjaan Umum dan Penataan Ruang;1.927,00;Kel. Balangnipa;Kel. Balangnipa;SINJAI UTARA;16-12-2022;HAK PAKAI;Tanah Ruas Jl. Hos Cokroaminoto;120.261274;-5.119.116;;Aktif;
59;00128;Dinas Pekerjaan Umum dan Penataan Ruang;433,00;Kel. Balangnipa;Kel. Balangnipa;SINJAI UTARA;24-11-2022;HAK PAKAI;Tanah Ruas Jl. Flamboyan;120.260974;-5.118.820;;Aktif;
60;00142;Dinas Pekerjaan Umum dan Penataan Ruang;367,00;Kel. Balangnipa;Kel. Balangnipa;SINJAI UTARA;19-01-2023;HAK PAKAI;Tanah Ruas Jl. Markisa Bidang II;120.259798;-5.117.711;;Aktif;
61;00127;Dinas Pekerjaan Umum dan Penataan Ruang;690,00;Kel. Balangnipa;Kel. Balangnipa;SINJAI UTARA;24-11-2022;HAK PAKAI;Tanah Ruas Jl. Muh. Tahir Bidang 1;120.259258;-5.117.597;;Aktif;
62;00137;Dinas Pekerjaan Umum dan Penataan Ruang;1.142,00;Kel. Balangnipa;Kel. Balangnipa;SINJAI UTARA;16-12-2022;HAK PAKAI;Tanah Ruas Jl. Anggrek;120.261035;-5.118.457;;Aktif;
63;00154;Dinas Pekerjaan Umum dan Penataan Ruang;1.429,00;Kel. Balangnipa;Kel. Balangnipa;SINJAI UTARA;02-08-2023;HAK PAKAI;Tanah Ruas Jl. Mawar;120.262526;-5.118.041;;Aktif;
64;00036;Dinas Pekerjaan Umum dan Penataan Ruang;2.650,00;Kel. Lappa;Kel. Lappa;SINJAI UTARA;01-08-2023;HAK PAKAI;Tanah Ruas Jl. Baronang;120.266246;-5.117.817;;Aktif;
65;00037;Dinas Pekerjaan Umum dan Penataan Ruang;2.272,00;Kel. Lappa;Kel. Lappa;SINJAI UTARA;01-08-2023;HAK PAKAI;Tanah Ruas Jl. Titang Bidang 1;120.267712;-5.117.173;;Aktif;
66;00106;Dinas Pekerjaan Umum dan Penataan Ruang;1.309,00;Kel. Biringere;Kel. Biringere;SINJAI UTARA;01-12-2022;HAK PAKAI;Tanah Ruas Jl. K. H. Dewantara;120.248863;-5.134.289;;Aktif;
67;00109;Dinas Pekerjaan Umum dan Penataan Ruang;1.261,00;Kel. Biringere;Kel. Biringere;SINJAI UTARA;16-12-2022;HAK PAKAI;Tanah Ruas Jl. K. H. Dewantara I Bidang 1;120.247438;-5.133.496;;Aktif;
68;00108;Dinas Pekerjaan Umum dan Penataan Ruang;2.334,00;Kel. Biringere;Kel. Biringere;SINJAI UTARA;01-12-2022;HAK PAKAI;Tanah Ruas Jl. A. Akbar;120.250044;-5.130.668;;Aktif;
69;00155;Dinas Pekerjaan Umum dan Penataan Ruang;1.951,00;Kel. Balangnipa / Kel. Bongki;Kel. Balangnipa / Kel. Bongki;SINJAI UTARA;02-08-2023;HAK PAKAI;Tanah Ruas Jl. Gunung Bawakaraeng Bidang 1;120.254019;-5.120.855;;Aktif;
70;00067;Dinas Pekerjaan Umum dan Penataan Ruang;1.501,00;Kel. Bongki;Kel. Bongki;SINJAI UTARA;14-08-2023;HAK PAKAI;Tanah Ruas Jl. Lompo Battang Bidang 1;120.255568;-5.117.195;;Aktif;
71;00152;Dinas Pekerjaan Umum dan Penataan Ruang;1.575,00;Kel. Bongki;Kel. Balangnipa;SINJAI UTARA;01-08-2023;HAK PAKAI;Tanah Ruas Jl. Bulu Lohe I;120.255034;-5.113.356;;Aktif;
72;00150;Dinas Pekerjaan Umum dan Penataan Ruang;1.476,00;Kel. Balangnipa;Kel. Balangnipa;SINJAI UTARA;27-07-2023;HAK PAKAI;Tanah Ruas Jl. Gunung Krakatau;120.256579;-5.114.525;;Aktif;
73;00149;Dinas Pekerjaan Umum dan Penataan Ruang;920,00;Kel. Balangnipa;Kel. Balangnipa;SINJAI UTARA;27-07-2023;HAK PAKAI;Tanah Ruas Jl. Bulu Beppajeng;120.257105;-5.114.938;;Aktif;
74;00069;Dinas Pekerjaan Umum dan Penataan Ruang;1.314,00;Kel. Bongki;Kel. Bongki;SINJAI UTARA;14-08-2023;HAK PAKAI;Tanah Ruas Jl. Bulu Patukku;120.251850;-5.110.406;;Aktif;
75;00141;Dinas Pekerjaan Umum dan Penataan Ruang;1.468,00;Kel. Balangnipa;Kel. Balangnipa;SINJAI UTARA;19-01-2023;HAK PAKAI;Tanah Ruas Jl. Pramuka;120.255962;-5.117.938;;Aktif;
76;00127;Dinas Pekerjaan Umum dan Penataan Ruang;2.037,00;Kel. Biringere;Kel. Biringere;SINJAI UTARA;03-08-2023;HAK PAKAI;Tanah Ruas Jl. Dahlan Isma;120.249684;-5.131.610;;Aktif;
77;00123;Dinas Pekerjaan Umum dan Penataan Ruang;1.028,00;Kel. Balangnipa;Kel. Balangnipa;SINJAI UTARA;24-11-2022;HAK PAKAI;Tanah Ruas Jl. Dr. Sutomo;120.260848;-5.117.203;;Aktif;
78;00114;Dinas Pekerjaan Umum dan Penataan Ruang;118,00;Kel. Biringere;Kel. Biringere;SINJAI UTARA;16-12-2022;HAK PAKAI;Tanah Ruas Jl. Diponegoro I Bidang 2;120.249745;-5.134.463;;Aktif;
79;00118;Dinas Pekerjaan Umum dan Penataan Ruang;1.347,00;Kel. Biringere;Kel. Biringere;SINJAI UTARA;19-01-2023;HAK PAKAI;Tanah Ruas Jl. Diponegoro;120.250763;-5.133.023;;Aktif;
80;00113;Dinas Pekerjaan Umum dan Penataan Ruang;2.715,00;Kel. Balangnipa;Kel. Balangnipa;SINJAI UTARA;25-01-2021;HAK PAKAI;Tanah Ruas Jl. Sultan Hasanuddin;120.259011;-5.118.600;;Aktif;
81;00116;Dinas Pekerjaan Umum dan Penataan Ruang;1.133,00;Kel. Balangnipa;Kel. Balangnipa;SINJAI UTARA;26-01-2021;HAK PAKAI;Tanah Ruas Jl. Kelapa;120.258565;-5.117.695;;Aktif;
82;00115;Dinas Pekerjaan Umum dan Penataan Ruang;656,00;Kel. Balangnipa;Kel. Balangnipa;SINJAI UTARA;26-01-2021;HAK PAKAI;Tanah Ruas Jl. Cengkeh;120.258850;-5.117.113;;Aktif;
83;00114;Dinas Pekerjaan Umum dan Penataan Ruang;1.370,00;Kel. Balangnipa;Kel. Balangnipa;SINJAI UTARA;25-01-2021;HAK PAKAI;Tanah Ruas Jl. Yahya Mathan;120.256480;-5.120.096;;Aktif;
84;00125;Dinas Pekerjaan Umum dan Penataan Ruang;610,00;Kel. Balangnipa;Kel. Balangnipa;SINJAI UTARA;24-11-2022;HAK PAKAI;Tanah Ruas Jl. Dr. Sutomo;120.260595;-5.117.918;;Aktif;
85;00124;Dinas Pekerjaan Umum dan Penataan Ruang;715,00;Kel. Balangnipa;Kel. Balangnipa;SINJAI UTARA;24-11-2022;HAK PAKAI;Tanah Ruas Jl. Dr. Sutomo;120.260410;-5.118.525;;Aktif;
86;00130;Dinas Pekerjaan Umum dan Penataan Ruang;2.018,00;Kel. Balangnipa;Kel. Balangnipa;SINJAI UTARA;24-11-2022;HAK PAKAI;Tanah Ruas Jl. Hos Cokroaminoto;120.262949;-5.118.686;;Aktif;
87;00131;Dinas Pekerjaan Umum dan Penataan Ruang;1.117,00;Kel. Balangnipa;Kel. Balangnipa;SINJAI UTARA;01-12-2022;HAK PAKAI;Tanah Ruas Jl. Hos Cokroaminoto;120.264166;-5.118.005;;Aktif;
88;00122;Dinas Pekerjaan Umum dan Penataan Ruang;1.935,00;Kel. Balangnipa;Kel. Balangnipa;SINJAI UTARA;24-11-2022;HAK PAKAI;Tanah Ruas Jl. Anggrek;120.262018;-5.117.466;;Aktif;Penamaan Pada Peta Jl. Kelapa
89;00140;Dinas Pekerjaan Umum dan Penataan Ruang;1.047,00;Kel. Balangnipa;Kel. Balangnipa;SINJAI UTARA;19-01-2023;HAK PAKAI;Tanah Ruas Jl. Muh. Tahir Bidang 2;120.259587;-5.116.794;;Aktif;Penamaan Pada Peta Jl. Haji Agus Salim
90;00144;Dinas Pekerjaan Umum dan Penataan Ruang;704,00;Kel. Balangnipa;Kel. Balangnipa;SINJAI UTARA;26-07-2023;HAK PAKAI;Tanah Ruas Jl. Muh. Tahir Bidang 3;120.258990;-5.118.193;;Aktif;651
91;00146;Dinas Pekerjaan Umum dan Penataan Ruang;536,00;Kel. Balangnipa;Kel. Balangnipa;SINJAI UTARA;26-07-2023;HAK PAKAI;Tanah Ruas Jl. Markisa Bidang 1;120.260139;-5.116.968;;Aktif;
92;00035;Dinas Pekerjaan Umum dan Penataan Ruang;1.948,00;Kel. Lappa;Kel. Lappa;SINJAI UTARA;27-07-2023;HAK PAKAI;Tanah Ruas Jl. Titang Bidang 2;120.267908;-5.115.360;;Aktif;
93;00157;Dinas Pekerjaan Umum dan Penataan Ruang;2.066,00;Kel. Balangnipa;Kel. Balangnipa;SINJAI UTARA;03-08-2023;HAK PAKAI;Tanah Ruas Jl. Hos Cokroaminoto Bidang 5;120.265379;-5.116.418;;Aktif;
94;00158;Dinas Pekerjaan Umum dan Penataan Ruang;1.795,00;Kel. Balangnipa;Kel. Balangnipa;SINJAI UTARA;03-08-2023;HAK PAKAI;Tanah Ruas Jl. Hos Cokroaminoto Bidang 4;120.264892;-5.117.609;;Aktif;
95;00153;Dinas Pekerjaan Umum dan Penataan Ruang;1.897,00;Kel. Balangnipa;Kel. Balangnipa;SINJAI UTARA;01-08-2023;HAK PAKAI;Tanah Ruas Jl. DR. Samratulangi Bidang 1;120.260012;-5.119.694;;Aktif;Penamaan Pada Peta Jl. DR.Sutomo
96;00147;Dinas Pekerjaan Umum dan Penataan Ruang;3.007,00;Kel. Balangnipa;Kel. Balangnipa;SINJAI UTARA;26-07-2023;HAK PAKAI;Tanah Ruas Jl. DR. Samratulangi Bidang 2;120.259282;-5.121.971;;Aktif;Penamaan Pada Peta Jl. DR.Sutomo
97;00151;Dinas Pekerjaan Umum dan Penataan Ruang;3.026,00;Kel. Balangnipa ;Kel. Balangnipa ;SINJAI UTARA;28-07-2023;HAK PAKAI;Tanah Ruas Jl. Gunung Bawakaraeng Bidang 2;120.254841;-5.118.905;;Aktif;
98;00143;Dinas Pekerjaan Umum dan Penataan Ruang;4.032,00;Kel. Balangnipa;Kel. Balangnipa;SINJAI UTARA;27-01-2023;HAK PAKAI;Tanah Ruas Jl. Teratai Bidang 1;120.261765;-5.120.799;;Aktif;
99;00129;Dinas Pekerjaan Umum dan Penataan Ruang;2.234,00;Kel .Balangnipa;Kel .Balangnipa;SINJAI UTARA;24-11-2022;HAK PAKAI;Tanah Ruas Jl. DR. Samratulangi Bidang 4;120.258111;-5.125.461;;Aktif;Penamaan Pada Peta Jl. DR.Sutomo
100;00052;Dinas Pekerjaan Umum dan Penataan Ruang;1.899,00;Kel. Bongki;Kel. Bongki;SINJAI UTARA;01-08-2023;HAK PAKAI;Tanah Ruas Jl. Lompo Battang Bidang 2;120.256108;-5.115.946;;Aktif;
101;00125;Dinas Pekerjaan Umum dan Penataan Ruang;980,00;Kel. Biringere;Kel. Biringere;SINJAI UTARA;02-08-2023;HAK PAKAI;Tanah Ruas Jl. Diponegoro I Bidang 1;120.250157;-5.133.726;;Aktif;
102;00122;Dinas Pekerjaan Umum dan Penataan Ruang;2.049,00;Kel. Biringere;Kel. Biringere;SINJAI UTARA;01-08-2023;HAK PAKAI;Tanah Ruas Jl. Andi. Paddo Bidang 2;120.246822;-5.138.296;;Aktif;
103;00156;Dinas Pekerjaan Umum dan Penataan Ruang;382,00;Kel. Balangnipa;Kel. Balangnipa;SINJAI UTARA;03-08-2023;HAK PAKAI;Tanah Ruas Jl. Melati Bidang 2;120.261056;-5.120.191;;Aktif;
104;00121;Dinas Pekerjaan Umum dan Penataan Ruang;249,00;Kel. Biringere;Kel. Biringere;SINJAI UTARA;26-07-2023;HAK PAKAI;Tanah Ruas Jl. Andi. Paddo Bidang 1;120.247546;-5.137.109;;Aktif;
105;00126;Dinas Pekerjaan Umum dan Penataan Ruang;242,00;Kel. Biringere;Kel. Biringere;SINJAI UTARA;02-08-2023;HAK PAKAI;Tanah Ruas Jl. K. H. Dewantara I Bidang 2;120.247222;-5.132.679;;Aktif;
106;00110;Dinas Pekerjaan Umum dan Penataan Ruang;2.722,00;Kel. Biringere;Kel. Biringere;SINJAI UTARA;16-12-2022;HAK PAKAI;Tanah Ruas Jl. Letjend Sukawati I;120247620;-5.132.553;;Aktif;Penamaan Pada Peta Jl. veteran
107;00159;Dinas Pekerjaan Umum dan Penataan Ruang;1.259,00;Kel. Balangnipa;Kel. Bongki;SINJAI UTARA;14-08-2023;HAK PAKAI;Tanah Ruas Jl. Bulu Lohe Bidang 1;120.257017;-5.115.545;;Aktif;
108;00055;Dinas Pekerjaan Umum dan Penataan Ruang;710,00;Kel. Bongki;Kel. Bongki;SINJAI UTARA;01-08-2023;HAK PAKAI;Tanah Ruas Jl. Bulu Tanah Bidang 1;120.253604;-5.117.056;;Aktif;
109;00095;Dinas Pekerjaan Umum dan Penataan Ruang;885,00;Kel. Biringere;Kel. Biringere;SINJAI UTARA;26-01-2021;HAK PAKAI;Tanah Ruas Jl. Manimpahoi;120.248986;-5.123.303;;Aktif;
110;00043;Dinas Pekerjaan Umum dan Penataan Ruang;1.376,00;Kel. Biringere;Kel. Bongki;SINJAI UTARA;26-01-2021;HAK PAKAI;Tanah Ruas Jl. Manimpahoi;120.250092;-5.123.664;;Aktif;
111;00068;Dinas Pekerjaan Umum dan Penataan Ruang;2.463,00;Kel. Bongki;Kel. Bongki;SINJAI UTARA;14-08-2023;HAK PAKAI;Tanah Ruas Jl. Bulu Lohe Bidang 2;120.255559;-5.114.817;;Aktif;
112;00050;Dinas Pekerjaan Umum dan Penataan Ruang;2.793,00;Kel. Bongki;Kel. Bongki;SINJAI UTARA;01-08-2023;HAK PAKAI;Tanah Ruas Jl. Bulu Lohe Bidang 3;120.253738;-5.113.925;;Aktif;
113;00051;Dinas Pekerjaan Umum dan Penataan Ruang;3.281,00;Kel. Bongki;Kel. Bongki;SINJAI UTARA;01-08-2023;HAK PAKAI;Tanah Ruas Jl. Bulu Lohe Bidang 4;120.252804;-5.112.247;;Aktif;
114;00066;Dinas Pekerjaan Umum dan Penataan Ruang;805,00;Kel. Bongki;Kel. Bongki;SINJAI UTARA;08-08-2023;HAK PAKAI;Tanah Ruas Jl. Bulu Tanah Bidang 2;120.253553;-5.116.313;;Aktif;Penamaan Pada Peta Jl.Gunung Rinjani
115;00049;Dinas Pekerjaan Umum dan Penataan Ruang;781,00;Kel. Bongki;Kel. Bongki;SINJAI UTARA;01-08-2023;HAK PAKAI;Tanah Ruas Jl. Bulu Tanah Bidang 3;120.253203;-5.115.626;;Aktif;Penamaan Pada Peta Jl.Gunung Rinjani
116;00056;Dinas Pekerjaan Umum dan Penataan Ruang;986,00;Kel. Bongki;Kel. Bongki;SINJAI UTARA;01-08-2023;HAK PAKAI;Tanah Ruas Jl. Bulu Tanah Bidang 4;120.252663;-5.115.023;;Aktif;Penamaan Pada Peta Jl.Gunung Rinjani
117;00058;Dinas Pekerjaan Umum dan Penataan Ruang;1.412,00;Kel. Bongki;Kel. Bongki;SINJAI UTARA;02-08-2023;HAK PAKAI;Tanah Ruas Jl. Bulu Tanah Bidang 5;120.252723;-5.114.067;;Aktif;Penamaan Pada Peta Jl.Gunung Rinjani
118;00020;Dinas Pekerjaan Umum dan Penataan Ruang;694,00;Mannanti;Tellulimpoe;SINJAI UTARA;26-01-2021;HAK PAKAI;Tanah Ruas Jalan Air Terjun 7 Tingkat;120.257040;-5.251.673;;Aktif;
119;00060;Dinas Pekerjaan Umum dan Penataan Ruang;317,00;Kel. Bongki;Kel. Bongki;SINJAI UTARA;02-08-2023;HAK PAKAI;Tanah Ruas Jl. Bulu Bicara II Bidang 1;120.253531;-5.118.242;;Aktif;
120;00062;Dinas Pekerjaan Umum dan Penataan Ruang;1.249,00;Kel. Bongki;Kel. Bongki;SINJAI UTARA;02-08-2023;HAK PAKAI;Tanah Ruas Jl. Bulu Bicara II Bidang 2;120.253709;-5.117.922;;Aktif;
121;00061;Dinas Pekerjaan Umum dan Penataan Ruang;36,00;Kel. Bongki;Kel. Bongki;SINJAI UTARA;02-08-2023;HAK PAKAI;Tanah Ruas Jl. Bulu Bicara II Bidang 3;120.253404;-5.118.574;;Aktif;
122;00021;Dinas Lingkungan Hidup dan Kehutanan;5.360,00;Kel. Mannanti Kec.Tellulimpoe;Kel. Mannanti Kec.Tellulimpoe;TELLU LIMPOE;26-01-2021;HAK PAKAI;Tanah Pekuburan;120.219808;-5.272.543;;Aktif;
123;00007;Dinas Lingkungan Hidup dan Kehutanan;895,00;Desa Saotengah Kec. Tellulimpoe;Desa Saotengah Kec. Tellulimpoe;TELLU LIMPOE;04-03-2021;HAK PAKAI;Tanah Pekuburan;120.179551;-5.271.567;;Aktif;
124;00004;Dinas Lingkungan Hidup dan Kehutanan;2.873,00;Desa Lembang Lohe,Tellulimpe;Desa Lembang Lohe,Tellulimpe;TELLU LIMPOE;26-01-2021;HAK PAKAI;Makam Umum/Kuburan Umum;120.212278;-5.254.527;;Aktif;
125;00009;Dinas Pemuda dan Olahraga;46.600,00;Dusun Lita-litae, Desa Gareccing, Kec. Sinjai Selatan;Dusun Lita-litae, Desa Gareccing, Kec. Sinjai Selatan;SINJAI SELATAN;24-11-2022;HAK PAKAI;Tanah Lapangan Sirkuit;120.152939;-5.246.529;;Aktif;49.600
126;00100;Dinas Pemuda dan Olahraga;2.737,00;Jl. Persatuan Raya;Jl. Persatuan Raya;SINJAI UTARA;22-07-2021;HAK PAKAI;Lapangan Tenis,Taman Bermain,Bangunan Tribune Cakkempong;120.253172;-5.125.368;;Aktif;
127;0099;Dinas Pemberdayaan Masyarakat dan Desa;1.805,00;Jalan Baso Kalaka;Jalan Baso Kalaka;SINJAI UTARA;22-07-2021;HAK PAKAI;Tanah Bangunan Gedung PKK;120.251598;-5.126.210;;Aktif;
128;00101;Sekretariat DPRD;540,00;Jl. Persatuan Raya Kel. Biringere;Jl. Persatuan Raya Kel. Biringere;SINJAI UTARA;26-04-2022;HAK PAKAI;Rujab Ketua DPRD Baru;120.253151;-5.126.628;;Aktif;
129;20 /20.12.06010101.1;Kecamatan Bulupoddo;4.981,00;Lamatti Riattang Kec. Bulupoddo;Kec. Bulupoddo;BULUPODDO;22-10-2021;HAK PAKAI;Tanah Bangunan Serba Guna;120.156823;-5.105.290;;Aktif;
130;00022;Kelurahan Pasir Putih;594,00;Lingk. Paroppo Kel.Pasir Putih Kec.S.borong;Lingk. Paroppo Kel.Pasir Putih Kec.S.borong;SINJAI BORONG;04-03-2021;HAK PAKAI;Pesangrahan;120.055614;-5.326.840;;Aktif;
131;00015;Pengelola Barang Milik Daerah;5.749,00;Dusun Lappacimala Desa Alenangka Kec. Sinjai Selatan;Dusun Lappacimala Desa Alenangka Kec. Sinjai Selatan;SINJAI SELATAN;30-12-2021;HAK PAKAI;Tanah Bangunan Ex. Pasar Lama Bikeru;120.160884;-5.252.797;;Aktif;
132;00070;Dinas Pekerjaan Umum dan Penataan Ruang; 2.687,00 ;Kel. Bongki;Kel. Bongki;SINJAI UTARA;26/02/2024;HAK PAKAI;Tanah Ruas Jl. Bulu Saraung;120.253462;-5.118.447;;Aktif;
133;00160;Dinas Pekerjaan Umum dan Penataan Ruang; 88,00 ;Kel. Balangnipa;Kel. Balangnipa;SINJAI UTARA;26/02/2024;HAK PAKAI;Tanah Ruas Jl. K.H. Agus Salim;120.259115;-5.117.934;;Aktif;
134;00132;Dinas Pekerjaan Umum dan Penataan Ruang; 1.061,00 ;Kel. Balangnipa;Kel. Balangnipa;SINJAI UTARA;26/02/2024;HAK PAKAI;Tanah Ruas Jl. K.H. Agus Salim;120.258704;-5.123.748;;Aktif;Penamaan Pada Peta Jl.DR.Soetomo (1086)
135;20.12.0000018460;Dinas Perdagangan Perindustrian dan ESDM; 1.886,00 ;Kel. Sangiasseri Kec. Sinjai Selatan;Kel. Sangiasseri Kec. Sinjai Selatan;SINJAI SELATAN;18/12/2024;HAK PAKAI;Tanah Bangunan Pasar Udo;120.146179;-5.255.746;;Aktif;
136;20.12.000003826.0;SDN NO. 224 PALAE; 2.288,00 ;Palae;Palae;SINJAI SELATAN;31/12/2024;HAK PAKAI;Tanah Bangunan Sekolah;120.211261;-5.194.953;;Aktif;
137;20.12.000001847.0;TK Negeri Songing Sinjai Selatan; 182,00 ;Jl. Andi Parolai Dusun Tonasa Desa Songing Kec. Sinjai Selatan;Jl. Andi Parolai Dusun Tonasa Desa Songing Kec. Sinjai Selatan;SINJAI SELATAN;16/12/2024;HAK PAKAI;Tanah Bangunan Gedung Sekolah;120.115909;-5.257.154;;Aktif;
138;20.12.000003825.0;Dinas Perdagangan Perindustrian dan ESDM; 1.121,00 ;Sinjai Selatan;Sinjai Selatan;SINJAI SELATAN;31/12/2024;HAK PAKAI;Tanah Bangunan Pasar Labettang;120.206784;-5.189.337;;Aktif;
139;20.12.000001845.0;Pustu Songing; 181,00 ;Dusun Tonasa, Desa Songing            Kec. S. Selatan;Dusun Tonasa, Desa Songing            Kec. S. Selatan;SINJAI SELATAN;12/12/2024;HAK PAKAI;Bangunan Pustu Songing;120.113866;-5.256.405;;Aktif;
140;20.12.000001848.0;Pustu Songing; 697,00 ;Dusun Tonasa, Desa Songing           Kec. S. Selatan;Dusun Tonasa, Desa Songing           Kec. S. Selatan;SINJAI SELATAN;12/12/2024;HAK PAKAI;Bangunan Pustu Songing;120.113942;-5.256.125;;Aktif;
141;00016;TK Neg. Batulappa Sinjai Tengah;298;Desa Matunreng Tellue Sinjai Tengah;Desa Matunreng Tellue Sinjai Tengah;SINJAI TENGAH;28/12/2024;HAK PAKAI;Tanah Bangunan Pendidikan dan Latihan (Sekolah);120.167827;-5.128.392;;Aktif;
142;00011;TK Neg. Aruhu;550;Desa LamattiRiaja Sinjai Utara;Desa LamattiRiaja Sinjai Utara;SINJAI UTARA;28/12/2024;HAK PAKAI;Tanah Bangunan Pendidikan dan Latihan (Sekolah);120.193192;-5.100.342;;Aktif;
143;20.12.000004205.0;SD No. 157 Pabeheang;3383;Jl. Pers.Raya Desa Saukang Kec. Sinjai Timur;Jl. Pers.Raya Desa Saukang Kec. Sinjai Timur;SINJAI TIMUR;17/08/2025;HAK PAKAI;Tanah Bangunan SD Neg. 157 Pabeheang;120.223749;-5.143.288;;Aktif;
144;20.12.000005279.0;SD Neg. 45 Kelas Jauh Lempangeng;502;Dusun Puncak Desa Puncak Kec. Sinjai Selatan;Dusun Puncak Desa Puncak Kec. Sinjai Selatan;SINJAI SELATAN;20/08/2025;HAK PAKAI;Tanah Bangunan Sekolah SD Neg.45 Kelas Jauh Lempangeng;120.093649;-5.279.889;;Aktif;
145;20.12.000004138.0;SD Negeri No 167 Baru I;1834;Dusun Baru Kec. Sinjai Selatan;Dusun Baru Kec. Sinjai Selatan;SINJAI SELATAN;19/08/2025;HAK PAKAI;Tanah Bangunan SD Neg. 167 Baru I ;120.124662;-5.285.136;;Aktif;
146;20.12.000004200.0;TK Negeri XI Panreng Sinjai Utara;380;Lingkungan Onrong Datu Kel. Lamatti Rilau, Kec. Sinjai Utara;Lingkungan Onrong Datu Kel. Lamatti Rilau, Kec. Sinjai Utara;SINJAI UTARA;13/08/2025;HAK PAKAI;Tanah Bangunan TK Neg. IX Panreng;120.227328;-5.108.479;;Aktif;
147;20.12.000005681.0;TK Negeri Balimengko Sinjai Selatan;174;Desa Songing Kec. Sinjai Selatan;Desa Songing Kec. Sinjai Selatan;SINJAI SELATAN;14/08/2025;HAK PAKAI;Tanah Bangunan TK Neg. Balimengko Sinjai Selatan;120.130179;-5.248.138;;Aktif;
148;20.12.000005910.0;TK Neg. Manimpahoi;254;Desa Sotengnga Kec. Sinjai Tengah;Desa Sotengnga Kec. Sinjai Tengah;SINJAI TENGAH;03/2025;HAK PAKAI;TK Neg. Manimpahoi;120.109542;-5.192.638;;Aktif;
149;20.12.000004585.0;TK Negeri Mangopi Bulupoddo;286;Desa Tompobulu Kec. Bulupoddo;Desa Tompobulu Kec. Bulupoddo;BULUPODDO;15/08/2025;HAK PAKAI;Tanah Bangunan TK Negeri Mangopi;120.099881;-5.100.938;;Aktif;
150;20.12.000004139.0;Dinas Pekerjaan Umum dan Penataan Ruang;1210;Jalan Persatuan Raya Kel.Biringere, Kec. Sinjai Utara;Jalan Persatuan Raya Kel.Biringere, Kec. Sinjai Utara;SINJAI UTARA;18/08/2025;HAK PAKAI;Tanah Bangunan Tugu Patung Kuda Mangottong;120.242507;-5.136.850;;Aktif;
151;20.12.000005731.0;Perkuburan Bulu Tellue;2988;Desa Bulu Tellue Kec. Bulupoddo;Desa Bulu Tellue Kec. Bulupoddo;BULUPODDO;05/09/2025;HAK PAKAI;Perkuburan Bulu Tellue;120.141026;-5.102.071;;Aktif;
